{
  "sources": {

  },
  "paths": {
    "staging": ".vault/staging",
    "cache": ".vault/cache",
    "archives": "./vault"
  },
  "rules": {
    "patternMarkers": {
      "separator": "/",
      "version": ["@", "#"]
    },
    "ignoreFiles": [
      ".git",
      "CVS",
      ".svn",
      ".hg",
      ".*.swp",
      ".*.tmp",
      "*.log",
      ".DS_Store",
      "node_modules",
      "bower_components",
      "archives",
      "package-lock.json"
    ],
    "configurationSystem": [{
        "repositoryFolder": "bower_components",
        "toolConfiguration": ".bowerrc",
        "archiveManifest": "bower.json"
      },
      {
        "repositoryFolder": "vault",
        "toolConfiguration": ".vaultrc",
        "archiveManifest": "vault.json"
      }
    ]
  }
}
